City,District
İstanbul,MARMARA
Edirne,MARMARA
Kırklareli,MARMARA
Tekirdağ,MARMARA
Çanakkale,MARMARA
Kocaeli,MARMARA
Yalova,MARMARA
Sakarya,MARMARA
Bilecik,MARMARA
Bursa,MARMARA
Balıkesir,MARMARA
Amasya,KARADENİZ
Artvin,KARADENİZ
Bartın,KARADENİZ
Bayburt,KARADENİZ
Bolu,KARADENİZ
Çorum,KARADENİZ
Gümüşhane,KARADENİZ
Giresun,KARADENİZ
Karabük,KARADENİZ
Kastamonu,KARADENİZ
Ordu,KARADENİZ
Rize,KARADENİZ
Samsun,KARADENİZ
Sinop,KARADENİZ
Tokat,KARADENİZ
Trabzon,KARADENİZ
Zonguldak,KARADENİZ
Ankara,İÇ ANADOLU
Konya,İÇ ANADOLU
Kayseri,İÇ ANADOLU
Eskişehir,İÇ ANADOLU
Sivas,İÇ ANADOLU
Kırıkkale,İÇ ANADOLU
Aksaray,İÇ ANADOLU
Karaman,İÇ ANADOLU
Kırşehir,İÇ ANADOLU
Niğde,İÇ ANADOLU
Nevşehir,İÇ ANADOLU
Yozgat,İÇ ANADOLU
Çankırı,İÇ ANADOLU
Gaziantep,GÜNEYDOĞU ANADOLU
Diyarbakır,GÜNEYDOĞU ANADOLU
Şanlıurfa,GÜNEYDOĞU ANADOLU
Batman,GÜNEYDOĞU ANADOLU
Adıyaman,GÜNEYDOĞU ANADOLU
Siirt,GÜNEYDOĞU ANADOLU
Mardin,GÜNEYDOĞU ANADOLU
Kilis,GÜNEYDOĞU ANADOLU
Şırnak,GÜNEYDOĞU ANADOLU
İzmir,EGE
Manisa,EGE
Aydın,EGE
Denizli,EGE
Muğla,EGE
Afyonkarahisar,EGE
Kütahya,EGE
Uşak,EGE
Ağrı,DOĞU ANADOLU
Ardahan,DOĞU ANADOLU
Bitlis,DOĞU ANADOLU
Bingöl,DOĞU ANADOLU
Elâzığ,DOĞU ANADOLU
Erzincan,DOĞU ANADOLU
Erzurum,DOĞU ANADOLU
Hakkâri,DOĞU ANADOLU
Iğdır,DOĞU ANADOLU
Kars,DOĞU ANADOLU
Malatya,DOĞU ANADOLU
Muş,DOĞU ANADOLU
Şırnak,DOĞU ANADOLU
Tunceli,DOĞU ANADOLU
Van,DOĞU ANADOLU
Adana,AKDENİZ
Antalya,AKDENİZ
Burdur,AKDENİZ
Hatay,AKDENİZ
Isparta,AKDENİZ
Mersin,AKDENİZ
Osmaniye,AKDENİZ